ImagePath,IsSuperman
files/data/superheros/spiderman_001.jpg,0
files/data/superheros/spiderman_002.jpg,0
files/data/superheros/spiderman_003.jpg,0
files/data/superheros/spiderman_004.jpg,0
files/data/superheros/spiderman_005.jpg,0
files/data/superheros/spiderman_006.jpg,0
files/data/superheros/spiderman_007.jpg,0
files/data/superheros/spiderman_009.jpg,0
files/data/superheros/spiderman_010.jpg,0
files/data/superheros/spiderman_011.jpg,0
files/data/superheros/spiderman_012.jpg,0
files/data/superheros/spiderman_013.jpg,0
files/data/superheros/spiderman_014.jpg,0
files/data/superheros/spiderman_015.jpg,0
files/data/superheros/spiderman_016.jpg,0
files/data/superheros/spiderman_017.jpg,0
files/data/superheros/spiderman_018.jpg,0
files/data/superheros/spiderman_019.jpg,0
files/data/superheros/spiderman_021.jpg,0
files/data/superheros/spiderman_022.jpg,0
files/data/superheros/spiderman_023.jpg,0
files/data/superheros/spiderman_024.jpg,0
files/data/superheros/spiderman_026.jpg,0
files/data/superheros/spiderman_027.jpg,0
files/data/superheros/spiderman_029.jpg,0
files/data/superheros/spiderman_031.jpg,0
files/data/superheros/spiderman_032.jpg,0
files/data/superheros/spiderman_033.jpg,0
files/data/superheros/spiderman_034.jpg,0
files/data/superheros/spiderman_035.jpg,0
files/data/superheros/spiderman_036.jpg,0
files/data/superheros/spiderman_037.jpg,0
files/data/superheros/spiderman_040.jpg,0
files/data/superheros/spiderman_041.jpg,0
files/data/superheros/spiderman_042.jpg,0
files/data/superheros/spiderman_043.jpg,0
files/data/superheros/spiderman_044.jpg,0
files/data/superheros/spiderman_048.jpg,0
files/data/superheros/spiderman_049.jpg,0
files/data/superheros/spiderman_050.jpg,0
files/data/superheros/spiderman_051.jpg,0
files/data/superheros/spiderman_052.jpg,0
files/data/superheros/spiderman_053.jpg,0
files/data/superheros/spiderman_054.jpg,0
files/data/superheros/spiderman_055.jpg,0
files/data/superheros/spiderman_056.jpg,0
files/data/superheros/spiderman_057.jpg,0
files/data/superheros/spiderman_058.jpg,0
files/data/superheros/spiderman_059.jpg,0
files/data/superheros/spiderman_060.jpg,0
files/data/superheros/spiderman_061.jpg,0
files/data/superheros/spiderman_063.jpg,0
files/data/superheros/spiderman_065.jpg,0
files/data/superheros/spiderman_067.jpg,0
files/data/superheros/spiderman_068.jpg,0
files/data/superheros/spiderman_069.jpg,0
files/data/superheros/spiderman_070.jpg,0
files/data/superheros/spiderman_072.jpg,0
files/data/superheros/spiderman_075.jpg,0
files/data/superheros/spiderman_076.jpg,0
files/data/superheros/spiderman_077.jpg,0
files/data/superheros/spiderman_079.jpg,0
files/data/superheros/spiderman_080.jpg,0
files/data/superheros/spiderman_081.jpg,0
files/data/superheros/spiderman_082.jpg,0
files/data/superheros/spiderman_083.jpg,0
files/data/superheros/spiderman_086.jpg,0
files/data/superheros/spiderman_087.jpg,0
files/data/superheros/spiderman_088.jpg,0
files/data/superheros/spiderman_089.jpg,0
files/data/superheros/spiderman_091.jpg,0
files/data/superheros/spiderman_093.jpg,0
files/data/superheros/spiderman_094.jpg,0
files/data/superheros/spiderman_095.jpg,0
files/data/superheros/spiderman_096.jpg,0
files/data/superheros/spiderman_097.jpg,0
files/data/superheros/spiderman_098.jpg,0
files/data/superheros/spiderman_099.jpg,0
files/data/superheros/spiderman_100.jpg,0
files/data/superheros/spiderman_101.jpg,0
files/data/superheros/spiderman_102.jpg,0
files/data/superheros/spiderman_103.jpg,0
files/data/superheros/spiderman_104.jpg,0
files/data/superheros/spiderman_106.jpg,0
files/data/superheros/spiderman_107.jpg,0
files/data/superheros/spiderman_108.jpg,0
files/data/superheros/spiderman_109.jpg,0
files/data/superheros/spiderman_110.jpg,0
files/data/superheros/spiderman_111.jpg,0
files/data/superheros/spiderman_112.jpg,0
files/data/superheros/spiderman_113.jpg,0
files/data/superheros/spiderman_114.jpg,0
files/data/superheros/spiderman_115.jpg,0
files/data/superheros/spiderman_116.jpg,0
files/data/superheros/spiderman_118.jpg,0
files/data/superheros/spiderman_120.jpg,0
files/data/superheros/spiderman_121.jpg,0
files/data/superheros/spiderman_122.jpg,0
files/data/superheros/spiderman_123.jpg,0
files/data/superheros/spiderman_124.jpg,0
files/data/superheros/spiderman_125.jpg,0
files/data/superheros/spiderman_126.jpg,0
files/data/superheros/spiderman_127.jpg,0
files/data/superheros/spiderman_128.jpg,0
files/data/superheros/spiderman_129.jpg,0
files/data/superheros/spiderman_131.jpg,0
files/data/superheros/spiderman_132.jpg,0
files/data/superheros/spiderman_133.jpg,0
files/data/superheros/spiderman_134.jpg,0
files/data/superheros/spiderman_139.jpg,0
files/data/superheros/spiderman_140.jpg,0
files/data/superheros/spiderman_141.jpg,0
files/data/superheros/spiderman_142.jpg,0
files/data/superheros/spiderman_144.jpg,0
files/data/superheros/spiderman_145.jpg,0
files/data/superheros/spiderman_146.jpg,0
files/data/superheros/spiderman_148.jpg,0
files/data/superheros/spiderman_149.jpg,0
files/data/superheros/spiderman_150.jpg,0
files/data/superheros/spiderman_151.jpg,0
files/data/superheros/spiderman_152.jpg,0
files/data/superheros/spiderman_153.jpg,0
files/data/superheros/spiderman_154.jpg,0
files/data/superheros/spiderman_156.jpg,0
files/data/superheros/spiderman_157.jpg,0
files/data/superheros/spiderman_158.jpg,0
files/data/superheros/spiderman_159.jpg,0
files/data/superheros/spiderman_160.jpg,0
files/data/superheros/spiderman_161.jpg,0
files/data/superheros/spiderman_163.jpg,0
files/data/superheros/spiderman_165.jpg,0
files/data/superheros/spiderman_166.jpg,0
files/data/superheros/spiderman_167.jpg,0
files/data/superheros/spiderman_169.jpg,0
files/data/superheros/spiderman_170.jpg,0
files/data/superheros/spiderman_171.jpg,0
files/data/superheros/spiderman_172.jpg,0
files/data/superheros/spiderman_174.jpg,0
files/data/superheros/spiderman_175.jpg,0
files/data/superheros/spiderman_176.jpg,0
files/data/superheros/spiderman_179.jpg,0
files/data/superheros/spiderman_183.jpg,0
files/data/superheros/spiderman_184.jpg,0
files/data/superheros/spiderman_186.jpg,0
files/data/superheros/spiderman_187.jpg,0
files/data/superheros/spiderman_188.jpg,0
files/data/superheros/spiderman_190.jpg,0
files/data/superheros/spiderman_191.jpg,0
files/data/superheros/spiderman_192.jpg,0
files/data/superheros/spiderman_194.jpg,0
files/data/superheros/spiderman_196.jpg,0
files/data/superheros/spiderman_197.jpg,0
files/data/superheros/spiderman_199.jpg,0
files/data/superheros/spiderman_200.jpg,0
files/data/superheros/spiderman_300.jpg,0
files/data/superheros/superman_001.jpg,1
files/data/superheros/superman_002.jpg,1
files/data/superheros/superman_003.jpg,1
files/data/superheros/superman_004.jpg,1
files/data/superheros/superman_005.jpg,1
files/data/superheros/superman_006.jpg,1
files/data/superheros/superman_007.jpg,1
files/data/superheros/superman_008.jpg,1
files/data/superheros/superman_009.jpg,1
files/data/superheros/superman_010.jpg,1
files/data/superheros/superman_011.jpg,1
files/data/superheros/superman_012.jpg,1
files/data/superheros/superman_013.jpg,1
files/data/superheros/superman_014.jpg,1
files/data/superheros/superman_015.jpg,1
files/data/superheros/superman_016.jpg,1
files/data/superheros/superman_017.jpg,1
files/data/superheros/superman_018.jpg,1
files/data/superheros/superman_019.jpg,1
files/data/superheros/superman_020.jpg,1
files/data/superheros/superman_021.jpg,1
files/data/superheros/superman_022.jpg,1
files/data/superheros/superman_023.jpg,1
files/data/superheros/superman_024.jpg,1
files/data/superheros/superman_025.jpg,1
files/data/superheros/superman_026.jpg,1
files/data/superheros/superman_027.jpg,1
files/data/superheros/superman_028.jpg,1
files/data/superheros/superman_029.jpg,1
files/data/superheros/superman_030.jpg,1
files/data/superheros/superman_031.jpg,1
files/data/superheros/superman_032.jpg,1
files/data/superheros/superman_033.jpg,1
files/data/superheros/superman_034.jpg,1
files/data/superheros/superman_035.jpg,1
files/data/superheros/superman_036.jpg,1
files/data/superheros/superman_037.jpg,1
files/data/superheros/superman_038.jpg,1
files/data/superheros/superman_039.jpg,1
files/data/superheros/superman_040.jpg,1
files/data/superheros/superman_043.jpg,1
files/data/superheros/superman_044.jpg,1
files/data/superheros/superman_045.jpg,1
files/data/superheros/superman_046.jpg,1
files/data/superheros/superman_048.jpg,1
files/data/superheros/superman_050.jpg,1
files/data/superheros/superman_052.jpg,1
files/data/superheros/superman_053.jpg,1
files/data/superheros/superman_054.jpg,1
files/data/superheros/superman_055.jpg,1
files/data/superheros/superman_056.jpg,1
files/data/superheros/superman_057.jpg,1
files/data/superheros/superman_058.jpg,1
files/data/superheros/superman_059.jpg,1
files/data/superheros/superman_060.jpg,1
files/data/superheros/superman_061.jpg,1
files/data/superheros/superman_062.jpg,1
files/data/superheros/superman_063.jpg,1
files/data/superheros/superman_064.jpg,1
files/data/superheros/superman_066.jpg,1
files/data/superheros/superman_067.jpg,1
files/data/superheros/superman_068.jpg,1
files/data/superheros/superman_069.jpg,1
files/data/superheros/superman_070.jpg,1
files/data/superheros/superman_071.jpg,1
files/data/superheros/superman_073.jpg,1
files/data/superheros/superman_074.jpg,1
files/data/superheros/superman_075.jpg,1
files/data/superheros/superman_076.jpg,1
files/data/superheros/superman_077.jpg,1
files/data/superheros/superman_078.jpg,1
files/data/superheros/superman_079.jpg,1
files/data/superheros/superman_080.jpg,1
files/data/superheros/superman_081.jpg,1
files/data/superheros/superman_082.jpg,1
files/data/superheros/superman_083.jpg,1
files/data/superheros/superman_084.jpg,1
files/data/superheros/superman_085.jpg,1
files/data/superheros/superman_086.jpg,1
files/data/superheros/superman_087.jpg,1
files/data/superheros/superman_088.jpg,1
files/data/superheros/superman_089.jpg,1
files/data/superheros/superman_090.jpg,1
files/data/superheros/superman_091.jpg,1
files/data/superheros/superman_092.jpg,1
files/data/superheros/superman_093.jpg,1
files/data/superheros/superman_094.jpg,1
files/data/superheros/superman_095.jpg,1
files/data/superheros/superman_098.jpg,1
files/data/superheros/superman_099.jpg,1
files/data/superheros/superman_100.jpg,1
files/data/superheros/superman_102.jpg,1
files/data/superheros/superman_103.jpg,1
files/data/superheros/superman_104.jpg,1
files/data/superheros/superman_105.jpg,1
files/data/superheros/superman_106.jpg,1
files/data/superheros/superman_107.jpg,1
files/data/superheros/superman_108.jpg,1
files/data/superheros/superman_111.jpg,1
files/data/superheros/superman_112.jpg,1
files/data/superheros/superman_115.jpg,1
files/data/superheros/superman_116.jpg,1
files/data/superheros/superman_117.jpg,1
files/data/superheros/superman_119.jpg,1
files/data/superheros/superman_120.jpg,1
files/data/superheros/superman_121.jpg,1
files/data/superheros/superman_123.jpg,1
files/data/superheros/superman_125.jpg,1
files/data/superheros/superman_127.jpg,1
files/data/superheros/superman_128.jpg,1
files/data/superheros/superman_129.jpg,1
files/data/superheros/superman_131.jpg,1
files/data/superheros/superman_135.jpg,1
files/data/superheros/superman_136.jpg,1
files/data/superheros/superman_138.jpg,1
files/data/superheros/superman_139.jpg,1
files/data/superheros/superman_141.jpg,1
files/data/superheros/superman_142.jpg,1
files/data/superheros/superman_143.jpg,1
files/data/superheros/superman_145.jpg,1
files/data/superheros/superman_146.jpg,1
files/data/superheros/superman_147.jpg,1
files/data/superheros/superman_149.jpg,1
files/data/superheros/superman_150.jpg,1
files/data/superheros/superman_151.jpg,1
files/data/superheros/superman_152.jpg,1
files/data/superheros/superman_154.jpg,1
files/data/superheros/superman_155.jpg,1
files/data/superheros/superman_157.jpg,1
files/data/superheros/superman_159.jpg,1
files/data/superheros/superman_160.jpg,1
files/data/superheros/superman_161.jpg,1
files/data/superheros/superman_162.jpg,1
files/data/superheros/superman_163.jpg,1
files/data/superheros/superman_165.jpg,1
files/data/superheros/superman_166.jpg,1
files/data/superheros/superman_167.jpg,1
files/data/superheros/superman_168.jpg,1
files/data/superheros/superman_171.jpg,1
files/data/superheros/superman_172.jpg,1
files/data/superheros/superman_173.jpg,1
files/data/superheros/superman_175.jpg,1
files/data/superheros/superman_177.jpg,1
files/data/superheros/superman_179.jpg,1
files/data/superheros/superman_181.jpg,1
files/data/superheros/superman_183.jpg,1
files/data/superheros/superman_184.jpg,1
files/data/superheros/superman_185.jpg,1
files/data/superheros/superman_186.jpg,1
files/data/superheros/superman_187.jpg,1
files/data/superheros/superman_189.jpg,1
files/data/superheros/superman_190.jpg,1
files/data/superheros/superman_192.jpg,1
files/data/superheros/superman_193.jpg,1
files/data/superheros/superman_194.jpg,1
